{
  "fertility": {
    "eng": 1.7849189058339385,
    "nld": 1.5230494099565766,
    "zho": 0.7212880519965241
  },
  "usage_overlap": {
    "eng-nld": 9.582586767536002,
    "eng-zho": 0.9392378990731205,
    "nld-zho": 1.0206089914808671
  }
}